TICKER,PERMNO,NCUSIP,sdate,edate,SCORE
003H,14579,70432V10,2014-05-15,2022-12-30,1
004W,14714,04041310,2014-06-19,2022-12-30,1
00C6,14939,49338L10,2014-11-20,2022-12-30,1
00WY,15850,57665R10,2015-12-17,2020-06-30,1
00WY,15850,57667L10,2020-07-16,2022-12-30,1
02J8,18724,G0250X10,2019-06-20,2022-12-30,1
AA,24643,02224910,1976-01-15,1999-01-03,1
AA,24643,01381710,1999-01-14,2016-10-05,1
AA,24643,01381750,2016-10-20,2016-10-31,1
AA,24643,03965L10,2016-11-17,2020-03-31,1
AA,24643,44320110,2020-04-16,2022-12-30,1
AAPL,14593,03783310,1981-08-20,2022-12-30,1
AAPS,89217,00751Y10,2002-01-17,2022-12-30,1
ABBV,13721,00287Y10,2013-01-02,2022-12-30,1
ABT,20482,00282410,1976-01-15,2022-12-30,1
ACAD,85631,05276910,1986-01-16,2022-12-30,1
ACCO,59248,21701610,1976-06-17,2005-02-08,1
ACCO,59248,60871R20,2005-02-17,2022-12-30,1
ACL1,79057,G0070K10,1993-06-17,2008-07-17,1
ACL1,79057,H0023R10,2008-08-14,2016-01-14,1
ACL1,79057,H1467J10,2016-02-18,2022-12-30,1
ACNT,89071,G1150G11,2001-09-20,2009-08-31,1
ACNT,89071,G1151C10,2009-09-17,2022-12-30,1
ADBE,75510,00724F10,1986-10-16,2022-12-30,1
ADI,60871,03265410,1976-01-15,2022-12-30,1
ADM,10516,03948310,1976-07-15,2022-12-30,1
AEP,24109,02553710,1976-01-15,2022-12-30,1
AESC,76712,00130H10,1992-01-16,2022-12-30,1
AFL,57904,02587010,1976-04-15,1992-01-01,1
AFL,57904,00105510,1992-01-16,2022-12-30,1
AHA,45911,02075310,1979-09-20,2002-06-25,1
AHA,45911,83088M10,2002-07-18,2022-12-30,1
AHC,28484,02355110,1976-01-15,2006-05-08,1
AHC,28484,42809H10,2006-05-18,2022-12-30,1
AIG,66800,02687410,1976-01-15,2009-06-30,1
AIG,66800,02687478,2009-07-16,2022-12-30,1
AIZI,90038,04621X10,2004-02-19,2022-12-30,1
AJGC,38093,36357610,1984-10-18,2022-12-30,1
AKAM,87299,00971T10,1999-12-16,2022-12-30,1
ALB1,80191,01265310,1994-03-17,2022-12-30,1
ALD,48733,01441910,1976-01-15,1976-03-14,5
ALD,10145,01908710,1981-04-28,1984-03-14,5
ALD,10145,01951210,1985-09-19,1999-12-01,1
ALD,10145,43851610,1999-12-16,2022-12-30,1
ALEE,14297,G0176J10,2013-12-19,2022-12-30,1
ALGN,88860,01625510,2001-03-15,2022-12-30,1
ALK,28804,01166210,1978-06-15,1985-02-13,5
ALK,28804,01165910,1985-05-23,2022-12-30,1
ALL1,79323,02000210,1993-06-17,2022-12-30,1
AMAT,14702,03822210,1978-05-18,2022-12-30,1
AMBP,85592,00163T10,1998-02-19,2011-06-02,1
AMBP,85592,74340W10,2011-06-16,2022-12-30,1
AMD,61241,00790310,1976-01-15,2022-12-30,1
AMGN,14008,03116210,1983-11-17,2022-12-30,1
AMPW,90880,03076C10,2005-10-03,2022-12-30,1
AMR,21020,02377110,1976-01-15,1982-04-14,5
AMR,21020,00176510,1982-10-01,2013-12-08,1
AMR,21020,02376R10,2013-12-19,2022-12-30,1
AMT2,86111,02991220,1998-07-16,2012-01-02,1
AMT2,86111,03027X10,2012-01-19,2022-12-30,1
AMZN,84788,02313510,1997-06-19,2022-12-30,1
ANSS,83621,03662Q10,1996-08-15,2022-12-30,1
AOVG,93002,Y0486S10,2009-09-17,2016-01-31,1
AOVG,93002,Y0982710,2016-02-18,2018-04-04,1
AOVG,93002,11135F10,2018-04-19,2022-12-30,1
APA,39490,03741110,1977-06-16,2021-03-01,1
APA,39490,03743Q10,2021-03-18,2022-12-30,1
APD,28222,00915810,1976-01-15,2022-12-30,1
APH1,77118,03209420,1992-01-16,1997-05-19,1
APH1,84769,03209510,1997-06-19,2022-12-30,1
ARE1,84767,01527110,1997-07-17,2022-12-30,1
ASHC,81540,03071P10,1995-05-18,2001-08-29,1
ASHC,81540,03073E10,2001-10-18,2022-12-30,1
AT1,87432,00846U10,1999-12-16,2022-12-30,1
ATHI,89179,03674B10,2001-11-15,2004-11-30,1
ATHI,89179,94973V10,2004-12-16,2014-12-02,1
ATHI,89179,03675210,2014-12-18,2022-12-30,1
AUD,44644,05301510,1976-01-15,2022-12-30,1
AVN,79894,05346910,1994-05-19,1998-06-04,1
AVN,80381,05337310,1998-06-18,1998-10-04,1
AVN,80381,05348410,1998-10-15,2022-12-30,1
AVSN,10701,58445V10,1988-08-16,1989-01-16,1
AVSN,10701,58445V20,1989-02-16,1991-03-28,1
AVSN,79678,00493020,1993-10-22,2008-07-09,1
AVSN,79678,00507V10,2008-07-17,2022-12-30,1
AVY,44601,05362710,1976-01-15,1990-10-14,1
AVY,44601,05361110,1990-11-15,2022-12-30,1
AWKC,92614,03042010,2008-05-15,2022-12-30,1
AXP,59176,02581610,1976-01-15,2022-12-30,1
AYZS,81540,03071P10,1995-04-04,1995-04-19,5
AZO,76605,05333210,1991-05-16,2022-12-30,1
AZP,27991,04055510,1976-01-15,1985-04-28,1
AZP,27991,00246010,1985-05-16,1987-04-26,1
AZP,27991,72348410,1987-05-14,2022-12-30,1
BA,19561,09702310,1976-01-15,2022-12-30,1
BAX,27887,07189210,1976-05-04,1988-05-17,1
BAX,27887,07181310,1988-06-16,2022-12-30,1
BBFS,91849,11133T10,2007-04-19,2022-12-30,1
BBUY,85914,08651610,1985-04-18,2022-12-30,1
BCMP,52230,09946710,1978-05-12,1987-06-16,1
BCMP,52230,77032310,1987-07-16,2022-12-30,1
BDX,39642,07588710,1976-01-15,2022-12-30,1
BEL,50534,07745510,1976-07-15,1980-12-10,5
BEL,65875,07785310,1984-02-16,2000-07-02,1
BEL,65875,92343V10,2000-07-20,2022-12-30,1
BFD1,29946,11563720,1983-09-15,2022-12-30,1
BHI1,75034,05722410,1987-04-24,2017-07-04,1
BHI1,75034,05722G10,2017-07-20,2022-12-30,1
BIO,61508,09057210,1978-07-20,1980-03-19,1
BIO,61516,09057220,1980-03-20,2022-12-30,1
BK,49656,06405710,1978-09-14,2007-07-01,1
BK,49656,06405810,2007-07-19,2022-12-30,1
BKHT/1,83443,08467020,1998-07-16,2010-01-20,1
BKHT/1,83443,08467070,2010-02-18,2022-12-30,1
BKLY,17743,08442310,1982-05-20,2022-12-30,1
BLKI,87267,09247X10,1999-10-14,2022-12-30,1
BLL,57568,05849810,1976-01-15,2022-12-30,1
BMY,19393,11009710,1976-01-15,1989-10-03,1
BMY,19393,11012210,1989-10-19,2022-12-30,1
BSX,77605,10113710,1992-06-18,2022-12-30,1
BWA,79545,09972410,1993-11-18,2022-12-30,1
BXP,85058,10112110,1997-07-17,2022-12-30,1
BYA,80381,07201210,1994-05-19,1998-06-04,1
CAG,56274,20588710,1977-10-20,2022-12-30,1
CARR,19285,14448C10,2020-04-16,2022-12-30,1
CAT,18542,14912310,1976-01-15,2022-12-30,1
CBCG,84198,12479F10,1997-02-20,1998-05-19,1
CBCG,84198,12489L10,1998-06-18,2001-07-20,1
CBCG,90199,12497T10,2004-06-17,2011-10-04,1
CBCG,90199,12504L10,2011-10-20,2022-12-30,1
CBOH,93429,12503M10,2010-06-17,2022-12-30,1
CCC2,70519,20161510,1986-10-29,1988-12-15,1
CCC2,70519,74158910,1989-01-19,1994-01-02,1
CCC2,70519,89419010,1994-01-20,1998-10-07,1
CCC2,70519,17296710,1998-10-15,2011-05-08,1
CCC2,70519,17296742,2011-05-19,2022-12-30,1
CCL,75154,14365810,1987-07-24,2003-04-20,1
CCL,75154,14365830,2003-05-15,2022-12-30,1
CCMM,,,2010-02-18,2010-03-17,6
CCMM,12308,16117M30,2010-09-14,2016-05-17,1
CCMM,12308,16119P10,2016-05-19,2022-12-30,1
CCS1,87055,22160710,1985-12-19,1993-10-21,1
CCS1,87055,74143W10,1993-11-18,1997-02-05,1
CCS1,87055,22160Q10,1997-02-20,1999-08-29,1
CCS1,87055,22160K10,1999-09-16,2022-12-30,1
CDAY,17700,15677J10,2018-06-14,2022-12-30,1
CDG2,69796,13721920,1990-01-18,1992-06-17,1
CDG2,64899,13721910,1992-06-18,1998-02-18,6
CDG2,69796,13721920,1992-06-18,1998-02-18,6
CDG2,69796,13721920,1998-02-19,2000-09-19,1
CDG2,69796,21036P10,2000-10-19,2022-12-30,1
CDIC,21371,14148710,1983-12-15,1994-02-13,1
CDIC,21371,14149Y10,1994-03-17,2022-12-30,1
CDW,13949,12514G10,2013-07-18,2022-12-30,1
CEG,22623,21037T10,2022-02-17,2022-12-30,1
CEPU,90520,15087010,2005-02-17,2022-12-30,1
CEY,89003,15688010,2001-07-19,2006-01-31,1
CEY,89003,31620M10,2006-02-16,2022-12-30,1
CFF,90829,12526910,2005-08-18,2022-12-30,1
CFG,14889,17461010,2014-10-16,2022-12-30,1
CHL,47896,16379810,1976-01-15,1988-04-25,1
CHL,47896,16372210,1988-05-19,1996-03-31,1
CHL,47896,16161A10,1996-04-18,2001-01-01,1
CHL,47896,46625H10,2001-01-18,2022-12-30,1
CHRW,85459,12541W10,1997-11-20,2005-10-16,1
CHRW,85459,12541W20,2005-10-20,2022-12-30,1
CHV,14541,16675110,1984-04-02,2001-10-09,1
CHV,14541,16676410,2001-10-18,2022-12-30,1
CI,64186,12550910,1982-05-20,2018-12-20,1
CI,64186,12552310,2019-01-17,2022-12-30,1
CINF,23473,17206210,1982-05-20,2022-12-30,1
CL,18729,19416210,1976-01-15,2022-12-30,1
CLX,46578,18905410,1976-01-15,2022-12-30,1
CMCA,,,1977-05-19,1979-05-16,6
CMCA,25081,20034010,1982-07-01,2022-12-30,1
CMCS,25022,20030010,1982-10-14,1993-12-15,1
CMCS,11997,20030020,1993-12-16,2002-11-18,1
CMCS,89525,20030N10,2002-12-19,2022-12-30,1
CME,89626,16776010,2003-01-16,2007-07-12,1
CME,89626,12572Q10,2007-07-19,2022-12-30,1
CMG,91068,16965610,2006-02-16,2022-12-30,1
CMS,23229,21061510,1976-01-15,1987-05-26,1
CMS,23229,12589610,1987-06-18,2022-12-30,1
CNTE,89269,15135B10,2002-02-14,2022-12-30,1
COF,81055,14040H10,1995-02-16,2022-12-30,1
COG1,76082,12709710,1990-12-20,2022-12-30,1
COH2,88661,18975410,2000-11-16,2017-10-30,1
COH2,88661,87603010,2017-11-16,2022-12-30,1
CPB,25320,13442910,1976-01-15,2022-12-30,1
CPRT,80320,21720410,1994-07-14,2022-12-30,1
CPT,79452,13313110,1994-06-16,2022-12-30,1
CRCH,23393,17134010,1978-06-15,2022-12-30,1
CRLD,87090,22790110,1985-12-19,1991-08-01,1
CRLD,79441,14043810,1996-03-14,1996-12-04,5
CRLD,81143,14309310,1997-03-27,1997-04-16,5
CRLD,81143,14309310,1998-02-25,1998-09-03,5
CRLD,88281,15986410,2000-06-23,2000-07-19,5
CRLL,88281,15986410,2000-07-20,2022-12-30,1
CRMN,90215,79466L30,2004-06-23,2022-12-30,1
CSC,40125,20536310,1976-06-17,2017-04-02,1
CSC,40125,23355L10,2017-04-20,2022-12-30,1
CSCO,76076,17275R10,1990-04-19,2022-12-30,1
CSX,62148,12640810,1981-01-15,2022-12-30,1
CTAS,23660,17290810,1983-12-15,2022-12-30,1
CTL,60599,15668610,1985-12-19,1999-05-09,1
CTL,60599,15670010,1999-05-20,2021-01-21,1
CTL,60599,55024110,2021-02-18,2022-12-30,1
CTLT,14763,14880610,2014-09-18,2022-12-30,1
CTSH,86158,19244610,1998-08-20,2022-12-30,1
CTVAW,18592,22052L10,2019-06-20,2022-12-30,1
CUM,41080,23102110,1976-01-15,2022-12-30,1
D,19406,23742410,1976-01-15,1979-05-16,5
D,64936,25747010,1983-06-02,2000-01-30,1
D,64936,25746U10,2000-02-17,2022-12-30,1
DAL,26112,24736110,1976-01-15,2005-10-12,1
DAL,,,2005-10-20,2007-05-16,6
DAL,91926,24736170,2007-05-17,2022-12-30,1
DCHA,90805,25468Y10,2005-07-21,2008-09-17,1
DCHA,90805,25470F10,2008-09-18,2022-04-08,1
DCHA,22976,93442310,2022-04-14,2022-12-30,1
DD,11703,26353410,1976-01-15,2017-08-31,1
DD,16851,26614N10,2019-06-03,2019-06-19,4
DE,19350,24419910,1976-01-15,2022-12-30,1
DFSV,92121,25470910,2007-07-02,2022-12-30,1
DGX,84373,74834L10,1997-01-16,2022-12-30,1
DH,49154,23975310,1976-01-15,2000-01-30,1
DH,49154,87612E10,2000-02-17,2022-12-30,1
DIS,26403,25468710,1976-01-15,2022-12-30,1
DISH,81696,27876210,1995-11-16,2008-01-21,1
DISH,81696,25470M10,2008-02-14,2022-12-30,1
DLRN,90373,25386810,2004-11-18,2022-12-30,1
DLTR,81481,25674710,1995-04-20,2008-03-02,1
DLTR,81481,25674610,2008-03-20,2022-12-30,1
DMG,49680,23322110,1980-10-01,1984-09-25,1
DMG,49680,23585110,1984-10-18,2022-12-30,1
DMPI,90248,25754A20,2004-07-15,2022-12-30,1
DNB,48506,26483010,1976-01-15,1998-06-18,1
DNB,48506,26483B10,1998-07-16,2000-10-02,1
DNB,88590,26483E10,2000-10-19,2019-02-07,1
DOLR,30382,25666910,1977-10-20,2007-07-06,1
DOLR,93096,25667710,2009-11-19,2022-12-30,1
DOV,25953,26000310,1976-01-15,2022-12-30,1
DOWWI,18428,26055710,2019-04-18,2022-12-30,1
DOYL,30681,26123810,1978-05-16,1986-09-01,1
DOYL,30681,68191910,1986-09-18,2022-12-30,1
DPSG,92618,26138E10,2008-05-15,2018-07-09,1
DPSG,17942,49271V10,2018-07-19,2022-12-30,1
DRAM,53613,59511210,1984-07-19,2022-12-30,1
DRHI,77661,23331A10,1992-07-16,2022-12-30,1
DRI,81655,23719410,1995-05-30,2022-12-30,1
DTE,11674,25084710,1976-01-15,1996-01-01,1
DTE,11674,23333110,1996-01-18,2022-12-30,1
DUK,27959,26439910,1976-01-15,2006-04-02,1
DUK,27959,26441C10,2006-04-20,2012-07-02,1
DUK,27959,26441C20,2012-07-19,2022-12-30,1
DVN,75390,25179910,1989-11-16,1999-08-17,1
DVN,87137,25179M10,1999-09-16,2022-12-30,1
DWD,78946,24240V10,1993-04-15,1997-05-30,1
DWD,69032,61744644,1997-06-19,2022-12-30,1
DWDP,16851,26078J10,2017-09-14,2019-06-02,1
DWDP,16851,26614N10,2019-06-20,2022-12-30,1
DXCM,90664,25213110,2005-04-14,2022-12-30,1
EBY1,86356,27864210,1998-10-15,2022-12-30,1
ECAD,11403,27874010,1987-06-10,1988-05-31,1
ECAD,11403,12738710,1988-06-16,2022-12-30,1
ECON,70578,27902910,1976-01-15,1986-11-30,1
ECON,70578,27886510,1986-12-18,2022-12-30,1
ED,11404,20911110,1976-01-15,1998-01-01,1
ED,11404,20911510,1998-01-15,2022-12-30,1
EFX,52476,29442910,1978-07-20,2022-12-30,1
EGAS,32986,29293410,1984-08-16,1988-10-03,1
EGAS,32986,04956010,1988-10-20,2022-12-30,1
EGG,42200,26845710,1976-01-15,1999-10-25,1
EGG,42200,71404610,1999-11-18,2022-12-30,1
EL,82642,51843910,1995-12-14,2022-12-30,1
EMN,80080,27743210,1994-01-20,2022-12-30,1
EMR,22103,29101110,1976-01-15,2022-12-30,1
ENPH,13323,29355A10,2012-05-17,2022-12-30,1
EOG,75825,29356210,1989-11-16,1999-09-14,1
EOG,75825,26875P10,1999-09-16,2022-12-30,1
EPAM,13210,29414B10,2012-04-19,2022-12-30,1
EQIX,88519,29444U10,2000-09-14,2002-12-30,1
EQIX,89617,29444U50,2003-02-20,2015-01-25,1
EQIX,89617,29444U70,2015-02-19,2022-12-30,1
EQR,79547,29476L10,1994-05-19,2022-12-30,1
EQT,24328,29449710,1978-07-20,1984-09-30,1
EQT,24328,29454910,1984-10-18,2009-02-08,1
EQT,24328,26884L10,2009-02-19,2022-12-30,1
ERI,14882,28470R10,2014-12-18,2020-07-20,1
ERI,14882,12769G10,2020-08-20,2022-12-30,1
ERTS,75828,28551210,1989-12-14,2022-12-30,1
ESS,80681,29717810,1995-03-16,2022-12-30,1
ETN,11762,27805810,1976-01-15,2012-12-02,1
ETN,11762,G2918310,2012-12-20,2022-12-30,1
ETSY,15291,29786A10,2015-04-16,2022-12-30,1
EW,87657,28176E10,2000-05-18,2022-12-30,1
EXPD,87717,30213010,1985-02-14,2022-12-30,1
EXPE,87388,30212510,1999-12-16,2003-08-08,1
EXPE,90808,30212P10,2005-08-18,2011-12-20,1
EXPE,90808,30212P30,2012-01-19,2022-12-30,1
EXRN,90305,30225T10,2004-08-19,2022-12-30,1
EYE,65541,21689510,1983-08-18,1987-06-21,1
EYE,65541,21664810,1987-07-16,1995-09-21,1
EYE,65541,21664840,1995-10-19,2022-12-30,1
F,25785,34537010,1976-01-15,2000-08-02,1
F,25785,34537086,2000-08-17,2022-12-30,1
FABC,35044,31846410,1976-11-18,1994-05-01,1
FABC,35044,75894010,1994-05-19,2004-06-30,1
FABC,35044,7591EP10,2004-07-15,2022-12-30,1
FANG,13641,25278X10,2012-11-08,2022-12-30,1
FAST,11618,31190010,1988-01-14,2022-12-30,1
FBK,,,2012-04-19,2012-05-16,6
FBK,13407,30303M10,2012-05-18,2022-12-30,1
FBS,66157,31927910,1976-01-15,1997-08-03,1
FBS,66157,90297310,1997-08-14,2001-02-26,1
FCX,75294,35671D10,1988-08-18,1995-10-18,1
FCX,81774,35671D85,1995-10-19,2022-12-30,1
FD1,83597,30307510,1996-08-15,2022-12-30,1
FDX,60628,31330910,1979-11-15,1998-01-11,1
FDX,60628,31304N10,1998-02-19,2000-01-20,1
FDX,60628,31428X10,2000-02-17,2022-12-30,1
FEMP,35554,32007610,1983-01-20,1998-05-31,1
FEMP,35554,55261F10,1998-06-18,2022-12-30,1
FFIV,86964,31561610,1999-07-15,2022-12-30,1
FISV,10696,33773810,1986-10-16,2022-12-30,1
FITB,34746,31677310,1981-08-20,2022-12-30,1
FLTT,12449,33904110,2011-01-20,2022-12-30,1
FMC,19166,30249110,1976-01-15,1986-05-27,1
FMC2,19166,30249130,1986-05-28,2022-12-30,1
FNAC,36127,33556210,1983-08-18,1989-04-11,1
FNAC,36127,85508310,1989-04-20,1998-11-19,1
FNAC,36127,33763V10,1998-12-17,2001-02-26,1
FNAC,66157,90297330,2001-03-15,2022-12-30,1
FPL,24205,34108110,1976-01-15,1984-12-11,1
FPL,24205,30257110,1985-01-17,2010-06-02,1
FPL,24205,65339F10,2010-06-17,2022-12-30,1
FRCA,12448,33616C10,2010-12-16,2022-12-30,1
FRRI,37584,35461310,1986-03-20,2022-12-30,1
FRT,58413,31374720,1983-06-16,2022-01-02,1
FRT,58413,31374510,2022-01-20,2022-12-30,1
FSLR,91611,33643310,2006-12-14,2022-12-30,1
FTNT,93132,34959E10,2009-12-17,2022-12-30,1
FTVWI,16087,34959J10,2016-07-14,2022-12-30,1
GART,10490,36664910,1986-11-20,1988-08-08,1
GART,79698,36665110,1993-11-18,2022-12-30,1
GD,12052,36955010,1976-01-15,2022-12-30,1
GDI,16692,36555P10,2017-06-15,2020-03-01,1
GDI,16692,45687V10,2020-03-19,2022-12-30,1
GE,12060,36960410,1976-01-15,2021-08-01,1
GE,12060,36960430,2021-08-19,2022-12-30,1
GIL1,77274,37555810,1992-03-19,2022-12-30,1
GIS,17144,37033410,1976-01-15,2022-12-30,1
GLW,22293,21932710,1976-01-15,1989-04-30,1
GLW,22293,21935010,1989-05-18,2022-12-30,1
GNM,12369,37045V10,2010-11-18,2022-12-30,1
GNRC,93246,36873610,2010-02-18,2022-12-30,1
GOOG,90319,38259P50,2004-08-19,2015-10-04,1
GOOG,90319,02079K30,2015-10-15,2022-12-30,1
GOOG/1,14542,38259P70,2014-09-18,2015-10-04,1
GOOG/1,14542,02079K10,2015-10-15,2022-12-30,1
GPC,46674,37246010,1976-01-15,2022-12-30,1
GPN,88873,37940X10,2001-08-16,2022-12-30,1
GRMN,88837,G3726010,2001-01-18,2010-06-27,1
GRMN,88837,H2906T10,2010-07-15,2022-12-30,1
GSG,86868,38141G10,1999-05-20,2022-12-30,1
GWW,52695,38480210,1976-01-15,2022-12-30,1
HAL,23819,40621610,1976-01-15,2022-12-30,1
HANS,88031,41131010,1998-03-19,2012-01-08,1
HANS,88031,61174010,2012-01-19,2015-06-14,1
HANS,88031,61174X10,2015-06-18,2022-12-30,1
HAS,52978,41805610,1980-01-17,2022-12-30,1
HBAN,42906,44615010,1976-01-15,2022-12-30,1
HCAZ,12622,40412C10,2011-03-17,2022-12-30,1
HCN,65947,42217310,1984-12-20,1985-06-26,1
HCN,65947,42217K10,1985-07-18,2015-09-29,1
HCN,65947,95040Q10,2015-10-15,2022-12-30,1
HCP,67598,42191510,1985-10-17,2007-09-11,1
HCP,67598,40414L10,2007-09-20,2019-11-04,1
HCP,67598,42250P10,2019-11-14,2022-12-30,1
HD,66181,43707610,1982-05-20,2022-12-30,1
HIGW,82775,45068H10,1996-01-18,1997-05-04,1
HIGW,82775,41651510,1997-05-15,2022-12-30,1
HIIW,12623,44641310,2011-04-14,2022-12-30,1
HLTT,14338,43300A10,2013-12-19,2017-01-03,1
HLTT,14338,43300A20,2017-01-19,2022-12-30,1
HMT1,46703,44107810,1994-03-17,1998-12-29,1
HMT1,46703,44107P10,1999-01-14,2022-12-30,1
HOLX,76095,43644010,1990-04-19,2022-12-30,1
HOU,21792,44216110,1977-01-17,1999-02-07,1
HOU,21792,75952J10,1999-02-18,2002-09-30,1
HOU,21792,15189T10,2002-10-17,2022-12-30,1
HPEWI,15707,42824C10,2015-11-19,2022-12-30,1
HPLD,13103,G2782310,2011-12-15,2017-12-04,1
HPLD,13103,G6095L10,2017-12-14,2022-12-30,1
HRL,32870,44045210,1978-07-20,2022-12-30,1
HRS,25582,41387510,1976-01-15,2019-06-30,1
HRS,25582,50243110,2019-07-18,2022-12-30,1
HSIC,82581,80640710,1995-12-14,2022-12-30,1
HSY,16600,42786610,1977-07-14,2022-12-30,1
HUM,48653,44485910,1976-01-15,2022-12-30,1
HWP,27828,42823610,1976-01-15,2015-11-01,1
HWP,27828,40434L10,2015-11-19,2022-12-30,1
IBM,12490,45920010,1976-01-15,2022-12-30,1
ICEI,90993,45865V10,2005-11-17,2013-11-12,1
ICEI,90993,45866F10,2013-11-14,2022-12-30,1
IDPH,76841,44937010,1991-12-19,2003-11-12,1
IDPH,76841,09062X10,2003-11-20,2022-12-30,1
IDXX,76709,45168D10,1991-08-15,2022-12-30,1
IEX,75591,45167R10,1989-08-17,2022-12-30,1
IFF,40272,45950610,1976-01-15,2022-12-30,1
ILMN,88446,45232710,2000-09-14,2022-12-30,1
IMTN,83143,46284P10,1996-03-14,2000-02-01,1
IMTN,83143,46284610,2000-02-17,2015-01-20,1
IMTN,83143,46284V10,2015-02-19,2022-12-30,1
INTC,59328,45814010,1976-01-15,2022-12-30,1
INTU,78975,46120210,1993-05-20,2022-12-30,1
INVH,16581,46187W10,2017-03-16,2022-12-30,1
IP,21573,46014610,1976-01-15,2022-12-30,1
IPG,53065,46069010,1976-01-15,2022-12-30,1
IPI,79906,45337C10,1994-12-15,2022-12-30,1
IR,12431,45686610,1976-01-15,2002-01-01,1
IR,12431,G4776G10,2002-01-17,2009-06-30,1
IR,12431,G4779110,2009-07-16,2020-03-01,1
IR,12431,G8994E10,2020-03-19,2022-12-30,1
ISRG,88352,46120E10,2000-07-20,2003-06-30,1
ISRG,88352,46120E60,2003-07-17,2022-12-30,1
ITW,56573,45230810,1976-01-15,2022-12-30,1
IVZ,19583,G491BT10,2007-12-20,2022-12-30,1
JBHT,42877,44565810,1984-03-15,2022-12-30,1
JEC,52329,46981410,1976-01-15,2022-08-28,1
JEC,52329,46982L10,2022-09-15,2022-12-30,1
JKHY,88664,42628110,1987-02-19,2022-12-30,1
JNJ,22111,47816010,1976-01-15,2022-12-30,1
JNPR,86979,48203R10,1999-08-19,2022-12-30,1
K,26825,48783610,1976-01-15,2022-12-30,1
KAN,24053,48531410,1976-01-15,1992-05-10,1
KAN,24053,95942510,1992-05-14,2002-06-23,1
KAN,24053,95709T10,2002-07-18,2018-06-04,1
KAN,24053,30034W10,2018-06-14,2022-12-30,1
KEY,64995,49326310,1985-08-27,1994-03-01,1
KFT,89006,50075N10,2001-07-19,2012-10-01,1
KFT,89006,60920710,2012-10-18,2022-12-30,1
KHC,15408,50075410,2015-07-16,2022-12-30,1
KIM,77129,49446R10,1992-12-17,2022-12-30,1
KLAC,46886,48248010,1983-08-18,2022-12-30,1
KMB,17750,49436810,1976-01-15,2022-12-30,1
KMI,12558,49456B10,2011-02-17,2022-12-30,1
KMX,84577,17273730,1997-03-20,2002-09-30,1
KMX,89508,14313010,2002-11-14,2022-12-30,1
KO,11308,19121610,1976-01-15,2022-12-30,1
KR,16678,50104410,1976-01-15,2022-12-30,1
LALL,12345,N5374510,2010-10-14,2022-12-30,1
LEN,52708,52605710,1978-07-20,2022-12-30,1
LK,21178,53982110,1977-03-17,1995-03-15,1
LK,21178,53983010,1995-03-16,2022-12-30,1
LKQX,89866,50188920,2003-11-20,2022-12-30,1
LLY,50876,53245710,1976-01-15,2022-12-30,1
LNC,49015,53418710,1976-01-15,2022-12-30,1
LOW,61399,54866110,1976-01-15,2022-12-30,1
LRCX,48486,51280710,1984-06-14,2022-12-30,1
LTD,,,1978-06-15,1981-11-18,6
LTD,64282,53271610,1982-06-04,2013-03-27,1
LTD,64282,50179710,2013-04-18,2021-08-02,1
LTD,64282,07083010,2021-08-19,2022-12-30,1
LTR,26710,54042410,1978-12-15,2022-12-30,1
LUV,58683,84474110,1977-10-20,2022-12-30,1
LVSN,90505,51783410,2004-12-16,2022-12-30,1
LW,16431,51327210,2016-11-17,2022-12-30,1
LYV,91041,53803410,2006-01-19,2022-12-30,1
MAA,80183,59522J10,1994-07-14,2022-12-30,1
MAAA,91233,57636Q10,2006-05-25,2022-12-30,1
MAS,34032,57459910,1976-01-15,2022-12-30,1
MATS,85257,03110010,1997-09-18,2022-12-30,1
MCCR,52090,57978020,1977-12-15,2022-12-30,1
MCD,43449,58013510,1976-01-15,2022-12-30,1
MCHP,78987,59501710,1993-05-20,2022-12-30,1
MCK,,,1977-09-15,1982-07-14,6
MCK,25646,58155610,1983-07-27,1994-11-30,1
MCK,81061,58155710,1994-12-15,1999-01-12,1
MCK,81061,58155Q10,1999-01-14,2022-12-30,1
MDT,60097,58505510,1976-01-15,2015-01-26,1
MDT,60097,G5960L10,2015-02-19,2022-12-30,1
MDY,48506,61536910,2000-10-19,2022-12-30,1
MES,17005,58574510,1976-04-14,1996-11-20,1
MES,17005,12665010,1996-12-19,2022-12-30,1
METL,87842,59156R10,2000-05-18,2022-12-30,1
MGMG,11891,55295310,1990-07-19,2022-12-30,1
MHP,17478,58064510,1976-01-15,2016-04-27,1
MHP,17478,78409V10,2016-05-19,2022-12-30,1
MHS,46703,57163010,1976-01-15,1993-10-11,1
MHS,79764,57190010,1993-11-18,1998-03-22,1
MHS,79764,57190310,1998-04-16,1998-05-20,1
MHS,85913,57190320,1998-06-18,2022-12-30,1
MKTX,90454,57060D10,2004-11-18,2022-12-30,1
MLM,80204,57328410,1994-05-19,2022-12-30,1
MMC,45751,57174810,1976-01-15,2022-12-30,1
MMM,22592,60405910,1976-01-15,2002-04-07,1
MMM,22592,88579Y10,2002-04-18,2022-12-30,1
MO,13901,71816710,1976-01-15,1985-04-24,1
MO,13901,71815410,1985-08-15,2003-01-26,1
MO,13901,02209S10,2003-02-20,2022-12-30,1
MOHK,77496,60819010,1992-07-16,2022-12-30,1
MOHY,89781,60855R10,2003-08-14,2022-12-30,1
MOSC,90386,61945A10,2004-11-18,2011-05-24,1
MOSC,90386,61945C10,2011-06-16,2022-12-30,1
MOT,22779,62007610,1976-01-15,2011-01-03,1
MOT,22779,62007630,2011-01-20,2022-12-30,1
MPCS,,,2004-08-19,2007-04-18,6
MPCS,91937,59170810,2007-04-19,2013-04-30,1
MPCS,91937,87259010,2013-05-16,2022-12-30,1
MPCW,12872,56585A10,2011-07-14,2022-12-30,1
MPWR,90455,60983910,2004-12-16,2022-12-30,1
MRK,22752,58933110,1976-01-15,2009-11-03,1
MRK,22752,58933Y10,2009-11-19,2022-12-30,1
MRNA,18312,60770K10,2019-01-17,2022-12-30,1
MRO1,15069,90290582,1991-05-16,2002-01-01,1
MRO1,15069,56584910,2002-01-17,2022-12-30,1
MS,69032,61744610,1986-03-21,1997-06-01,1
MSFT,10107,59491810,1986-03-13,2022-12-30,1
MSU,24010,59583210,1976-01-15,1989-05-21,1
MSU,24010,29364F10,1989-06-15,1994-01-02,1
MSU,24010,29364G10,1994-02-17,2022-12-30,1
MTD,85621,59268810,1997-11-14,2022-12-30,1
MXB,92402,55354G10,2007-12-20,2022-12-30,1
MYLN,69550,62853010,1983-08-18,2015-03-01,1
MYLN,69550,N5946510,2015-03-19,2020-11-16,1
MYLN,20057,92556V10,2020-11-19,2022-12-30,1
NCB,59408,62885510,1976-01-15,1991-12-18,1
NCB,59408,63858510,1992-01-02,1998-09-30,1
NCB,59408,06605F10,1998-10-15,1999-04-28,1
NCB,59408,06050510,1999-05-20,2022-12-30,1
NCLH,13760,G6672110,2013-02-14,2022-12-30,1
NDAQ,,,2002-07-18,2002-11-13,6
NDAQ,90601,63110310,2005-02-10,2022-12-30,1
NDSN,57809,65566310,1982-09-16,2022-12-30,1
NEM,21207,65163910,1976-01-15,2022-12-30,1
NFLX,89393,64110L10,2002-08-15,2022-12-30,1
NFXAV,18420,35137L10,2019-03-19,2022-12-30,1
NHLI,12062,63633F10,1989-08-17,1994-06-07,1
NHLI,12062,63633E10,1994-06-16,1995-04-30,1
NHLI,12062,50540R10,1995-05-18,2000-05-03,1
NHLI,12062,50540R40,2000-05-18,2022-12-30,1
NI,38762,66526210,1976-01-15,1988-03-03,1
NI,38762,62914010,1988-03-17,1999-04-14,1
NI,38762,65473P10,1999-04-15,2022-12-30,1
NIKE,57665,65410610,1982-05-20,2022-12-30,1
NOB,38703,66733210,1976-01-15,1980-04-16,5
NOB,38703,66938010,1983-04-29,1998-11-02,1
NOB,38703,94974610,1998-11-19,2022-12-30,1
NOC,24766,66680710,1976-01-15,2022-12-30,1
NOWZ,13447,81762P10,2012-08-16,2022-12-30,1
NRGE,90071,62937750,2004-03-25,2022-12-30,1
NSC,28193,63777610,1976-01-15,1978-08-15,5
NSC,64311,65584410,1982-06-25,2022-12-30,1
NSP,23931,66577210,1976-01-15,2000-08-20,1
NSP,23931,98389B10,2000-09-14,2022-12-30,1
NTAP,82598,64120L10,1996-01-18,2008-03-25,1
NTAP,82598,64110D10,2008-04-17,2022-12-30,1
NTRS,58246,66585910,1978-03-07,2022-12-30,1
NU,44206,66439710,1976-01-15,2015-02-18,1
NU,44206,30040W10,2015-02-19,2022-12-30,1
NUE,34817,67034610,1976-01-15,2022-12-30,1
NVDA,86580,67066G10,1999-03-18,2022-12-30,1
NWL,60986,65119210,1978-09-14,1999-03-23,1
NWL,60986,65122910,1999-04-15,2022-12-30,1
NWSV,13963,65249B10,2013-07-18,2022-12-30,1
NXPI,12084,N6596X10,2010-08-19,2022-12-30,1
ODFL,77037,67958010,1991-12-19,2022-12-30,1
OEC,23026,67734710,1976-01-15,1997-11-09,1
OEC,23026,33793210,1997-11-20,2022-12-30,1
OGN,21124,68622V10,2021-06-17,2022-12-30,1
OKE,25232,68267810,1980-12-10,1997-11-27,1
OKE,25232,68268010,1997-12-18,2022-12-30,1
ONNN,88182,78388410,2000-06-15,2000-08-09,1
ONNN,88182,68218910,2000-08-17,2022-12-30,1
ORCL,10104,68389X10,1986-06-19,2022-12-30,1
ORLY,79103,68609110,1993-07-15,2010-12-29,1
ORLY,79103,67103H10,2011-01-20,2022-12-30,1
OTIS,19286,68902V10,2020-04-16,2022-12-30,1
OXY,34833,67459910,1976-01-15,2022-12-30,1
P,13928,71850710,1976-01-15,2002-09-02,1
P,13928,20825C10,2002-09-19,2022-12-30,1
PAYX,61621,70432610,1983-08-26,2022-12-30,1
PCAR,60506,69371810,1976-09-16,2022-12-30,1
PCG,13688,69430810,1976-01-15,1997-01-01,1
PCG,13688,69331C10,1997-01-16,2022-12-30,1
PCLN,86783,74150310,1999-04-15,2003-06-15,1
PCLN,86783,74150340,2003-06-19,2018-02-26,1
PCLN,86783,09857L10,2018-03-15,2022-12-30,1
PDP,75241,70101610,1990-03-15,1991-02-19,1
PDP,75241,70101810,1991-03-14,1997-08-06,1
PDP,75241,72378710,1997-09-18,2022-12-30,1
PE,21776,71753710,1976-01-15,1994-01-02,1
PE,21776,69330410,1994-01-20,2000-10-16,1
PE,21776,30161N10,2000-11-16,2022-12-30,1
PEG,23712,74456710,1976-01-15,1986-04-30,1
PEG,23712,74457310,1986-05-15,2022-12-30,1
PEP,13856,71344810,1976-01-15,2022-12-30,1
PFE,21936,71708110,1976-01-15,2022-12-30,1
PFG2,89195,74251V10,2001-10-23,2001-11-14,5
PFG2,89371,69491520,2002-05-03,2010-09-08,1
PFG2,,,2010-09-16,2012-12-12,6
PFGA,89195,74251V10,2001-11-15,2022-12-30,1
PG,18163,74271810,1976-01-15,2022-12-30,1
PH,41355,70109410,1976-01-15,2022-12-30,1
PHM,54148,74586810,1978-03-16,1987-12-07,1
PHM,54148,69333C10,1987-12-17,1993-06-30,1
PHM,54148,74586710,1993-07-15,2022-12-30,1
PKG,87541,69515610,2000-02-17,2022-12-30,1
PMA,61735,20016610,1981-03-19,1987-04-23,1
PMA,61735,03738910,1987-05-14,2012-04-01,1
PMA,61735,G0408V10,2012-04-19,2020-03-31,1
PMA,61735,G0403H10,2020-04-16,2022-12-30,1
PMTC,75912,69917310,1990-01-18,2006-02-27,1
PMTC,75912,69917320,2006-03-16,2013-01-27,1
PMTC,75912,69370C10,2013-02-14,2022-12-30,1
PMW,92602,71817210,2008-03-31,2022-12-30,1
PNCF,60442,69347510,1983-01-19,2022-12-30,1
PNTA,62034,70963110,1978-06-15,2012-09-28,1
PNTA,13586,H6169Q10,2012-10-18,2014-06-02,1
PNTA,13586,G7S00T10,2014-06-19,2022-12-30,1
POEA,63467,73044410,1989-02-16,1999-04-28,1
POEA,63467,11523610,1999-05-20,2022-12-30,1
POOL,82515,78402810,1995-11-16,2006-05-16,1
POOL,82515,73278L10,2006-05-18,2022-12-30,1
PPG,22509,69350610,1976-09-16,2022-12-30,1
PPL,22517,70905110,1976-01-15,1995-05-17,1
PPL,22517,69349910,1997-09-12,2000-02-14,1
PPL,22517,69351T10,2000-02-17,2022-12-30,1
PROG,64390,74331510,1976-01-15,2022-12-30,1
PRU,89258,74432010,2002-01-17,2022-12-30,1
PRUD,82303,74435W10,1995-11-16,1996-05-27,1
PRUD,82303,29980810,1996-06-20,2000-02-23,1
PRUD,82303,G3223R10,2000-03-16,2022-12-30,1
PSXX,13356,71854610,2012-05-17,2022-12-30,1
PTRW,10138,74147710,1986-04-02,2000-12-28,1
PTRW,10138,74144T10,2001-01-18,2022-12-30,1
PWR1,85792,74762E10,1998-03-19,2022-12-30,1
PX1,77768,74005P10,1992-07-16,2018-10-30,1
PX1,18143,G5494J10,2018-11-15,2022-12-30,1
PYPLV,15488,70450Y10,2015-07-20,2022-12-30,1
QCOM,77178,74752510,1992-02-20,2022-12-30,1
QQUN,13911,74876Y10,2013-06-20,2017-11-14,1
QQUN,13911,46266C10,2017-11-16,2022-12-30,1
QRVO,85035,74736K10,2015-01-15,2022-12-30,1
RAL1,85072,73157210,1997-07-17,2011-08-15,1
RAL1,85072,75121210,2011-08-18,2022-12-30,1
RCL,79145,V7780T10,1993-07-15,2022-12-30,1
REG,79782,75893910,1994-08-18,2001-02-11,1
REG,79782,75884910,2001-02-15,2022-12-30,1
REGN,76614,75886F10,1991-05-16,2022-12-30,1
RES2,81736,76115210,1995-09-14,2022-12-30,1
RFMD,85035,74994110,1997-07-17,2015-01-01,1
RIGX,86288,75612B10,1998-08-20,1999-08-01,1
RIGX,86288,22160N10,1999-08-19,2022-12-30,1
RISK,82276,76771110,1995-11-16,2000-05-08,1
RISK,82276,03937L10,2000-05-18,2000-11-09,1
RISK,82276,G0450A10,2000-11-16,2022-12-30,1
RJFN,69649,74960410,1983-10-20,1987-03-01,1
RJFN,69649,75473010,1987-03-19,2022-12-30,1
RKTN,80361,77273920,1994-04-14,2015-07-01,1
RKTN,21186,96145D10,2015-09-17,2022-12-30,1
RLTY,81045,75610910,1995-10-19,2022-12-30,1
ROK,18948,77434710,1976-01-15,1996-12-06,1
ROK,84381,77390310,1997-01-16,2022-12-30,1
ROL,36003,77571110,1976-03-18,2022-12-30,1
ROPR,77338,77669610,1992-05-14,2022-12-30,1
ROST,91556,77829610,1985-12-19,2022-12-30,1
RSG,86228,76075910,1998-08-20,2022-12-30,1
RYN,52062,78349810,1976-01-15,1987-06-22,1
RYN,69569,62891210,1987-07-16,1993-09-28,1
RYN,79785,62944T10,1993-12-16,2022-12-30,1
SAIC,91547,78390X10,2006-10-13,2013-09-29,1
SAIC,91547,52532710,2013-10-17,2022-12-30,1
SBAC,86996,78388J10,1999-07-15,2017-01-16,1
SBAC,86996,78410G10,2017-01-19,2022-12-30,1
SBC,66093,84533310,1984-02-16,1995-04-30,1
SBC,66093,78387G10,1995-05-18,2005-11-20,1
SBC,66093,00206R10,2005-12-15,2022-12-30,1
SBNY,90090,82669G10,2004-04-15,2022-12-30,1
SBUX,77702,85524410,1992-08-20,2022-12-30,1
SCE,15720,84240010,1976-01-15,1988-06-30,1
SCE,15720,78388210,1988-07-14,1996-02-04,1
SCE,15720,28102010,1996-02-15,2022-12-30,1
SCH,75186,80851310,1987-09-22,2022-12-30,1
SDO,25208,79744010,1976-01-15,1996-01-01,1
SDO,25208,29355210,1996-01-18,1998-06-26,1
SDO,86136,81685110,1998-07-16,2022-12-30,1
SEAA,89641,G7945J10,2002-12-19,2010-07-05,1
SEAA,89641,G7945M10,2010-07-15,2021-05-18,1
SEAA,89641,G7997R10,2021-05-20,2022-12-30,1
SEDG,15272,83417M10,2015-05-14,2022-12-30,1
SEE,61049,81211510,1977-12-15,1998-03-31,1
SEE,85926,81211K10,1998-04-16,2022-12-30,1
SEQ,64653,86211010,1983-08-18,1995-11-16,1
SEQ,64653,74460D10,1996-04-18,2022-12-30,1
SHRE,68567,78709310,1984-04-19,1993-09-30,1
SHRE,86136,81685110,1998-06-29,1998-07-15,5
SHW,36468,82434810,1976-01-15,2022-12-30,1
SIVB,11786,82706410,1989-02-16,2005-05-30,1
SIVB,11786,78486Q10,2005-06-16,2022-12-30,1
SJM,42585,83269610,1977-10-20,2000-08-28,1
SJM,42585,83269630,2000-09-14,2002-06-02,1
SJM,42585,83269640,2002-09-19,2022-12-30,1
SLB,14277,80685710,1976-01-15,2022-12-30,1
SMC,19852,83186510,1976-01-15,1995-05-17,1
SMC,65402,83186520,1995-05-18,2022-12-30,1
SNA,60206,83303410,1976-01-15,2022-12-30,1
SNAT,71563,84344410,1984-01-19,1997-05-18,1
SNAT,71563,05493710,1997-06-19,2019-12-08,1
SNAT,71563,89832Q10,2019-12-19,2022-12-30,1
SNPS,77357,87160710,1992-03-19,2022-12-30,1
SO,18411,84258710,1976-01-15,2022-12-30,1
SOCI,70958,83366330,1976-01-15,1994-03-01,1
SOCI,64995,49326710,1994-03-17,2022-12-30,1
SPPG,80100,82880510,1994-05-19,1996-08-11,1
SPPG,80100,82878110,1996-08-15,1998-09-24,1
SPPG,80100,82880610,1998-10-15,2022-12-30,1
STBK,72726,85747310,1980-01-17,1997-04-16,1
STBK,72726,85747710,1997-04-17,2022-12-30,1
STLD,84262,85811910,1996-12-19,2022-12-30,1
STPL,59459,79286010,1976-01-15,2007-02-26,1
STPL,59459,89417E10,2007-03-15,2022-12-30,1
STR2,77649,85915210,1992-11-19,2015-11-02,1
STR2,77649,G8472010,2015-11-19,2019-03-27,1
STR2,77649,G8473T10,2019-04-18,2022-12-30,1
STRY,73139,86366710,1981-03-19,2022-12-30,1
SWK,43350,85461610,1976-01-15,2010-03-14,1
SWK,43350,85450210,2010-03-18,2022-12-30,1
SYF,14776,87165B10,2014-08-14,2022-12-30,1
SYMC,75607,87150310,1989-09-14,2019-11-04,1
SYMC,75607,66877110,2019-11-14,2022-12-30,1
SYY,52038,87182910,1976-01-15,2022-12-30,1
TDYT,87445,87936010,1999-12-16,2022-12-30,1
TECH,75694,87837710,1990-11-15,2014-11-03,1
TECH,75694,09073M10,2014-11-20,2022-12-30,1
TELW,92157,G9144P10,2007-07-19,2009-06-25,1
TELW,92157,H8912P10,2009-07-16,2011-03-16,1
TELW,92157,H8498910,2011-04-14,2022-12-30,1
TER,51369,88077010,1976-01-15,2022-12-30,1
TFX,44329,87936910,1979-07-19,2022-12-30,1
TGD,91152,89364110,2006-03-16,2022-12-30,1
TMK,62308,89102710,1982-07-01,2019-08-08,1
TMK,62308,37959E10,2019-08-15,2022-12-30,1
TMO,62092,88355610,1976-08-19,2022-12-30,1
TRGG,12476,87612G10,2011-01-20,2022-12-30,1
TRL,82307,89151A10,1996-01-18,2000-10-08,1
TRL,82307,23918K10,2000-10-19,2022-12-30,1
TRMB,76230,89623910,1990-10-18,2022-12-30,1
TSCO,80286,89235610,1994-05-19,2022-12-30,1
TSLA,93436,88160R10,2010-07-15,2022-12-30,1
TTWO,84761,87405410,1999-05-20,2022-12-30,1
TWRS,86339,22822710,1998-09-17,2014-12-15,1
TWRS,86339,22822V10,2014-12-18,2022-12-30,1
TXN,15579,88250810,1976-01-15,2022-12-30,1
TXT,23579,88320310,1976-01-15,2022-12-30,1
TYC,45356,90212010,1978-03-16,1997-07-02,1
TYC,45356,90212410,1997-07-17,2007-07-01,1
TYC,45356,G9143X20,2007-07-19,2009-03-16,1
TYC,45356,H8912810,2009-03-19,2014-11-16,1
TYC,45356,G9144210,2014-12-18,2016-09-05,1
TYC,45356,G5150210,2016-09-15,2022-12-30,1
TYL,44759,90218210,1976-01-15,1989-08-24,1
TYL,75816,90218310,1989-09-14,1990-05-14,1
TYL,76185,90218410,1990-05-22,1999-05-19,1
TYL,76185,90225210,1999-05-20,2022-12-30,1
TYSN,77730,90249410,1979-06-14,2022-12-30,1
UAL,19596,90255010,1976-01-15,1987-04-30,1
UAL,19596,01747810,1987-05-14,1988-05-25,1
UAL,19596,90254910,1988-06-16,1994-07-12,1
UAL,19596,90254950,1994-08-18,2003-04-02,1
UAL,,,2003-04-17,2006-02-15,6
UAL,91103,90254980,2006-02-16,2010-09-30,1
UAL,91103,91004710,2010-10-14,2022-12-30,1
UDRT,59300,91019710,1984-12-31,2007-03-14,1
UDRT,59300,90265310,2007-03-15,2022-12-30,1
UEP,24985,90654810,1976-01-15,1998-01-01,1
UEP,24985,02360810,1998-01-15,2022-12-30,1
UHSI,79637,91390310,1982-05-20,2022-12-30,1
ULTA,92322,90384S30,2007-11-15,2022-12-30,1
UNIH,92655,91058110,1985-04-18,2000-04-26,1
UNIH,92655,91324P10,2000-05-18,2022-12-30,1
UNP,48725,90781810,1976-01-15,2022-12-30,1
UPS,87447,91131210,1999-11-18,2022-12-30,1
URI1,85663,91136310,1998-01-15,2022-12-30,1
USAS,11955,90291710,1992-12-17,1998-07-16,1
USAS,11955,94106L10,1998-08-20,2022-12-30,1
UTX,17830,91301710,1976-01-15,2020-04-02,1
UTX,17830,75513E10,2020-04-16,2022-12-30,1
VCOR,75819,92260210,1989-12-14,1998-04-30,1
VCOR,75819,92276F10,1998-05-14,2022-12-30,1
VFC,43553,91820410,1976-01-15,2022-12-30,1
VIA,51617,92552610,1976-01-15,1987-06-09,1
VIA,75104,92552410,1987-07-16,1995-08-16,1
VIA,76226,92552430,1995-08-17,2006-01-02,1
VIA,76226,12485720,2006-01-19,2019-12-04,1
VIA,76226,92556H20,2019-12-19,2022-12-30,1
VICI,17307,92565210,2018-03-15,2022-12-30,1
VISA,92611,92826C83,2008-03-20,2022-12-30,1
VLO,61671,91913810,1980-08-14,1997-07-31,1
VLO,85269,91913Y10,1997-08-14,2022-12-30,1
VMC,15202,92916010,1977-04-14,2022-12-30,1
VNO,28388,92904110,1979-01-18,1993-05-06,1
VNO,28388,92904210,1993-05-20,2022-12-30,1
VRSK,93089,92345Y10,2009-10-15,2022-12-30,1
VRSN,85753,92343E10,1998-03-19,2022-12-30,1
VRT1,76744,92532F10,1991-09-19,2022-12-30,1
W,21186,96154810,1976-01-15,2002-01-29,1
W,21186,58333410,2002-02-14,2015-07-01,1
WAB1,81677,96038610,1995-08-17,2000-05-01,1
WAB1,81677,92974010,2000-05-18,2022-12-30,1
WAG,19502,93142210,1976-01-15,2014-12-30,1
WAG,19502,93142710,2015-01-15,2022-12-30,1
WAT,82651,94184810,1996-01-18,2022-12-30,1
WDC,66384,95810210,1982-08-19,2022-12-30,1
WHR,25419,96332010,1976-01-15,2022-12-30,1
WMB,38156,96945710,1976-01-15,2022-12-30,1
WMT,55976,93114210,1976-01-15,2022-12-30,1
WPC,23536,97665610,1976-01-15,1987-01-01,1
WPC,23536,97665710,1987-01-15,2015-06-29,1
WPC,23536,92939U10,2015-07-16,2022-12-30,1
WPL,58819,97682610,1976-01-15,1988-03-30,1
WPL,58819,92930510,1988-04-14,1998-04-20,1
WPL,58819,46084510,1998-05-14,1999-05-19,1
WPL,58819,01880210,1999-05-20,2022-12-30,1
WSH,89017,G9665510,2001-07-19,2010-01-03,1
WSH,89017,G9666610,2010-01-14,2016-01-04,1
WSH,89017,G9662910,2016-01-14,2022-12-30,1
WST,62498,95334810,1980-06-19,1999-02-11,1
WST,62498,95530610,1999-02-18,2022-12-30,1
WY,39917,96216610,1976-01-15,2022-12-30,1
WYNN,89533,98313410,2002-11-14,2022-12-30,1
X,15069,91265610,1976-01-15,1986-07-08,1
X,15069,90290510,1986-07-17,1991-04-11,1
X,76644,90337T10,1991-05-16,2002-01-01,1
X,76644,91290910,2002-01-17,2022-12-30,1
XON,11850,30229010,1976-01-15,1999-11-30,1
XON,11850,30231G10,1999-12-16,2022-12-30,1
XRAY,11600,36868310,1987-12-17,1993-06-13,1
XRAY,11600,24903010,1993-07-15,2016-02-29,1
XRAY,11600,24906P10,2016-03-17,2022-12-30,1
XYL,13035,98419M10,2011-11-17,2022-12-30,1
YUM,85348,89595310,1997-10-07,2002-05-16,1
YUM,85348,98849810,2002-06-20,2022-12-30,1
ZBRA,76795,98920710,1991-09-19,2022-12-30,1
ZION,84129,98972210,1978-07-20,1987-05-05,1
ZION,84129,98970110,1987-05-14,2022-12-30,1
ZMH,89070,98956P10,2001-08-16,2022-12-30,1
ZOTS,13788,98978V10,2013-03-14,2022-12-30,1
ZY,40539,98919510,1977-12-15,1989-06-20,1
ZY,40539,87254010,1989-07-20,2022-12-30,1
